<xml xmlns:o="urn:schemas-microsoft-com:office:office">
 <o:MainFile HRef="../component_modelling.htm"/>
 <o:File HRef="image001.wmz"/>
 <o:File HRef="image002.gif"/>
 <o:File HRef="image003.png"/>
 <o:File HRef="image004.jpg"/>
 <o:File HRef="image005.png"/>
 <o:File HRef="image006.jpg"/>
 <o:File HRef="image007.emz"/>
 <o:File HRef="image008.gif"/>
 <o:File HRef="image009.emz"/>
 <o:File HRef="image010.gif"/>
 <o:File HRef="image011.wmz"/>
 <o:File HRef="image012.gif"/>
 <o:File HRef="image013.emz"/>
 <o:File HRef="image014.gif"/>
 <o:File HRef="image015.emz"/>
 <o:File HRef="image016.gif"/>
 <o:File HRef="image017.wmz"/>
 <o:File HRef="image018.gif"/>
 <o:File HRef="oledata.mso"/>
 <o:File HRef="image019.wmz"/>
 <o:File HRef="image020.gif"/>
 <o:File HRef="image021.wmz"/>
 <o:File HRef="image022.gif"/>
 <o:File HRef="header.htm"/>
 <o:File HRef="image023.wmz"/>
 <o:File HRef="filelist.xml"/>
</xml>