<xml xmlns:o="urn:schemas-microsoft-com:office:office">
 <o:MainFile HRef="../business_modelling.htm"/>
 <o:File HRef="image001.wmz"/>
 <o:File HRef="image002.gif"/>
 <o:File HRef="image003.wmz"/>
 <o:File HRef="image004.gif"/>
 <o:File HRef="image005.emz"/>
 <o:File HRef="image006.gif"/>
 <o:File HRef="image007.emz"/>
 <o:File HRef="image008.gif"/>
 <o:File HRef="image009.wmz"/>
 <o:File HRef="image010.gif"/>
 <o:File HRef="image011.emz"/>
 <o:File HRef="image012.gif"/>
 <o:File HRef="image013.emz"/>
 <o:File HRef="image014.gif"/>
 <o:File HRef="image015.emz"/>
 <o:File HRef="image016.gif"/>
 <o:File HRef="header.htm"/>
 <o:File HRef="image017.wmz"/>
 <o:File HRef="filelist.xml"/>
</xml>